user_id,cart,buy,percent
7588000,9.0,8.0,0.8888888888888888
2033500,8.0,7.0,0.875
2891500,8.0,7.0,0.875
11158000,8.0,6.0,0.75
3981750,4.0,3.0,0.75
11535250,3.0,2.0,0.6666666666666666
8702500,8.0,4.0,0.5
2198750,2.0,1.0,0.5
12231250,4.0,0.0,0.0
2076000,2.0,0.0,0.0
10915250,2.0,0.0,0.0
1025250,1.0,0.0,0.0
2870250,1.0,0.0,0.0
4256000,1.0,0.0,0.0
6751750,1.0,0.0,0.0
