user_id,cart,buy,percent
2891500,18,17,0.944444444
12377250,14,13,0.928571429
2033500,11,10,0.909090909
7588000,11,10,0.909090909
11158000,10,8,0.8
3981750,5,4,0.8
4102750,4,3,0.75
2870250,4,3,0.75
38250,3,2,0.666666667
11535250,3,2,0.666666667
5642000,3,2,0.666666667
2198750,2,1,0.5
2480750,2,1,0.5
8702500,10,5,0.5
4256000,2,1,0.5
9720000,3,1,0.333333333
2076000,7,2,0.285714286
71250,1,0,0
6921750,1,0,0
5898500,1,0,0
7405250,2,0,0
10915250,2,0,0
12231250,4,0,0
1025250,1,0,0
6751750,1,0,0
